mean	std
-0.4523157573312066	0.27225617264324586
