best_profit	one_std_profit
34690.232802011626	65236.935064084
