asset	estimated_return
AAPL	0.019069307776944343
SPY	0.01666599093818381
TSLA	0.04963986709969106
HOG	-0.011848987691384084
HSY	0.0021702910395433065
HLT	0.01983995245313521
