asset	allocation
AAPL	0.05791903124188411
SPY	0.7641940368508263
TSLA	-2.7233011151103763e-20
HOG	-3.672067465647219e-20
HSY	0.1778869319072896
HLT	-4.510751371194487e-20
